ID;UF;LON;LAT;ANNUAL;JAN;FEB;MAR;APR;MAY;JUN;JUL;AUG;SEP;OCT;NOV;DEC
32543;Alagoas;-36.4490;-10.5005;5537;5815;6026;6188;5353;4783;4594;4641;5298;5742;5974;5995;6033
32544;Alagoas;-36.3490;-10.5005;5496;5767;5942;6096;5328;4792;4598;4633;5260;5745;5927;5875;5983
32867;Alagoas;-36.5490;-10.4005;5423;5837;5886;6034;5305;4649;4426;4490;5029;5616;5851;6021;5939
32868;Alagoas;-36.4490;-10.4005;5449;5760;5951;6077;5266;4712;4503;4514;5135;5616;5860;5996;5998
32869;Alagoas;-36.3490;-10.4005;5365;5643;5836;5897;5147;4693;4496;4529;5130;5603;5788;5755;5859
32870;Alagoas;-36.2490;-10.4005;5692;5998;6146;6280;5550;4942;4722;4761;5412;5918;6162;6196;6212
33194;Alagoas;-36.7490;-10.3005;5378;5750;5867;5956;5272;4622;4428;4457;4911;5618;5761;6002;5897
33195;Alagoas;-36.6490;-10.3005;5388;5743;5843;5945;5295;4645;4444;4491;4979;5600;5787;6000;5891
33196;Alagoas;-36.5490;-10.3005;5345;5713;5734;5906;5268;4631;4426;4458;4987;5519;5707;5939;5853
33197;Alagoas;-36.4490;-10.3005;5389;5823;5936;6015;5212;4642;4358;4414;4969;5517;5779;6035;5968
33198;Alagoas;-36.3490;-10.3005;5443;5860;5993;6068;5264;4707;4409;4492;5053;5599;5870;5989;6011
33199;Alagoas;-36.2490;-10.3005;5633;5942;6092;6204;5501;4911;4686;4721;5299;5865;6078;6139;6155
33523;Alagoas;-36.8490;-10.2005;5438;5933;5900;6010;5470;4683;4486;4498;4975;5616;5749;5994;5938
33524;Alagoas;-36.7490;-10.2005;5367;5763;5801;5869;5357;4622;4487;4513;5024;5568;5677;5912;5815
33525;Alagoas;-36.6490;-10.2005;5339;5749;5765;5856;5290;4618;4452;4469;4985;5504;5662;5923;5800
33526;Alagoas;-36.5490;-10.2005;5303;5726;5737;5886;5248;4591;4382;4372;4857;5466;5680;5894;5794
33527;Alagoas;-36.4490;-10.2005;5349;5721;5832;5970;5277;4684;4395;4431;4960;5462;5696;5895;5867
33528;Alagoas;-36.3490;-10.2005;5383;5756;5878;6004;5316;4737;4417;4456;4999;5495;5753;5893;5893
33529;Alagoas;-36.2490;-10.2005;5500;5783;6033;6053;5400;4799;4577;4616;5200;5676;5896;5970;6001
33530;Alagoas;-36.1490;-10.2005;5627;5888;6138;6151;5519;4901;4641;4735;5354;5916;6059;6093;6138
33854;Alagoas;-36.9490;-10.1005;5406;5834;5796;5944;5430;4692;4505;4529;5034;5630;5702;5943;5835
33855;Alagoas;-36.8490;-10.1005;5330;5695;5699;5810;5365;4638;4477;4503;4993;5540;5616;5864;5761
33856;Alagoas;-36.7490;-10.1005;5294;5617;5699;5782;5255;4582;4441;4445;4936;5501;5624;5886;5762
33857;Alagoas;-36.6490;-10.1005;5270;5611;5645;5802;5222;4571;4408;4418;4885;5461;5599;5868;5751
33858;Alagoas;-36.5490;-10.1005;5283;5645;5668;5881;5235;4572;4384;4366;4884;5477;5643;5863;5774
33859;Alagoas;-36.4490;-10.1005;5301;5649;5711;5909;5271;4624;4381;4412;4899;5440;5654;5893;5768
33860;Alagoas;-36.3490;-10.1005;5322;5660;5752;5927;5284;4672;4369;4430;4931;5450;5679;5920;5793
33861;Alagoas;-36.2490;-10.1005;5403;5698;5877;5986;5331;4740;4465;4512;5040;5527;5784;5964;5910
33862;Alagoas;-36.1490;-10.1005;5470;5746;5966;6009;5376;4785;4509;4574;5175;5653;5867;5992;5992
33863;Alagoas;-36.0490;-10.1005;5592;5826;6083;6118;5481;4859;4597;4667;5312;5871;6032;6117;6144
34198;Alagoas;-37.0490;-10.0005;5469;5898;5841;6011;5502;4708;4519;4556;5131;5773;5778;6027;5879
34199;Alagoas;-36.9490;-10.0005;5382;5749;5730;5901;5421;4676;4492;4535;5083;5621;5654;5951;5768
34200;Alagoas;-36.8490;-10.0005;5280;5624;5610;5808;5294;4573;4379;4413;4954;5502;5581;5877;5738
34201;Alagoas;-36.7490;-10.0005;5255;5549;5613;5782;5240;4536;4359;4398;4872;5483;5601;5868;5761
34202;Alagoas;-36.6490;-10.0005;5244;5569;5568;5783;5203;4546;4375;4371;4884;5460;5576;5850;5740
34203;Alagoas;-36.5490;-10.0005;5270;5642;5626;5845;5234;4566;4374;4337;4910;5458;5619;5850;5783
34204;Alagoas;-36.4490;-10.0005;5249;5613;5608;5841;5241;4559;4328;4359;4834;5389;5613;5858;5753
34205;Alagoas;-36.3490;-10.0005;5259;5623;5621;5850;5245;4585;4321;4357;4846;5414;5617;5875;5754
34206;Alagoas;-36.2490;-10.0005;5306;5625;5766;5866;5220;4637;4368;4414;4910;5441;5698;5888;5844
34207;Alagoas;-36.1490;-10.0005;5369;5700;5890;5975;5311;4665;4383;4410;4957;5493;5777;5954;5913
34208;Alagoas;-36.0490;-10.0005;5460;5759;5964;6064;5399;4729;4444;4508;5098;5657;5891;5985;6025
34209;Alagoas;-35.9490;-10.0005;5635;5906;6076;6200;5557;4906;4547;4679;5327;5962;6120;6141;6198
34546;Alagoas;-37.2490;-9.9005;5426;5885;5835;5912;5419;4637;4440;4534;5037;5706;5736;6087;5879
34547;Alagoas;-37.1490;-9.9005;5416;5877;5803;5915;5447;4672;4502;4546;5089;5645;5652;6013;5836
34548;Alagoas;-37.0490;-9.9005;5351;5744;5693;5855;5407;4678;4493;4551;5071;5522;5531;5924;5748
34549;Alagoas;-36.9490;-9.9005;5295;5693;5636;5853;5343;4559;4382;4433;4933;5472;5553;5933;5750
34550;Alagoas;-36.8490;-9.9005;5294;5649;5619;5854;5301;4573;4343;4420;4927;5531;5626;5906;5776
34551;Alagoas;-36.7490;-9.9005;5251;5575;5598;5779;5257;4559;4289;4381;4853;5474;5578;5887;5779
34552;Alagoas;-36.6490;-9.9005;5248;5604;5594;5770;5271;4572;4306;4340;4837;5471;5552;5878;5776
34553;Alagoas;-36.5490;-9.9005;5260;5659;5614;5812;5271;4606;4341;4277;4883;5435;5566;5882;5769
34554;Alagoas;-36.4490;-9.9005;5237;5634;5606;5812;5281;4581;4278;4285;4791;5421;5537;5855;5764
34555;Alagoas;-36.3490;-9.9005;5231;5600;5607;5820;5248;4594;4274;4302;4818;5381;5520;5855;5751
34556;Alagoas;-36.2490;-9.9005;5274;5623;5776;5854;5215;4589;4302;4348;4838;5432;5595;5869;5845
34557;Alagoas;-36.1490;-9.9005;5349;5708;5844;5972;5301;4645;4350;4407;4953;5481;5716;5928;5886
34558;Alagoas;-36.0490;-9.9005;5373;5717;5874;6000;5320;4665;4374;4449;5004;5523;5726;5939;5888
34559;Alagoas;-35.9490;-9.9005;5491;5786;5931;6088;5390;4820;4447;4601;5193;5717;5901;6014;6005
34560;Alagoas;-35.8490;-9.9005;5690;5950;6137;6250;5612;4924;4602;4725;5408;5996;6179;6256;6244
34907;Alagoas;-37.4490;-9.8005;5408;5804;5847;5934;5485;4667;4385;4496;5032;5633;5704;6018;5892
34908;Alagoas;-37.3490;-9.8005;5420;5799;5829;5985;5459;4722;4439;4485;5030;5662;5707;6030;5894
34909;Alagoas;-37.2490;-9.8005;5378;5741;5749;5914;5424;4667;4419;4476;5035;5632;5658;6000;5819
34910;Alagoas;-37.1490;-9.8005;5351;5694;5707;5861;5361;4611;4377;4488;5022;5638;5637;6010;5802
34911;Alagoas;-37.0490;-9.8005;5303;5635;5584;5813;5352;4577;4349;4484;4979;5563;5586;5997;5713
34912;Alagoas;-36.9490;-9.8005;5287;5657;5565;5816;5323;4546;4296;4430;4896;5527;5608;6011;5770
34913;Alagoas;-36.8490;-9.8005;5318;5726;5612;5862;5326;4571;4309;4446;4906;5553;5677;5962;5860
34914;Alagoas;-36.7490;-9.8005;5315;5698;5644;5864;5322;4548;4319;4441;4923;5518;5674;5982;5853
34915;Alagoas;-36.6490;-9.8005;5288;5681;5622;5841;5304;4546;4297;4388;4881;5471;5620;5946;5853
34916;Alagoas;-36.5490;-9.8005;5271;5633;5609;5865;5273;4563;4275;4336;4898;5466;5588;5892;5853
34917;Alagoas;-36.4490;-9.8005;5241;5600;5616;5856;5260;4542;4245;4359;4814;5409;5545;5820;5825
34918;Alagoas;-36.3490;-9.8005;5237;5601;5634;5851;5261;4541;4228;4341;4802;5377;5546;5844;5825
34919;Alagoas;-36.2490;-9.8005;5242;5563;5683;5834;5248;4595;4258;4325;4795;5398;5549;5859;5800
34920;Alagoas;-36.1490;-9.8005;5268;5593;5708;5884;5231;4626;4278;4345;4805;5412;5603;5908;5821
34921;Alagoas;-36.0490;-9.8005;5317;5648;5768;5954;5232;4639;4306;4365;4845;5506;5696;5975;5869
34922;Alagoas;-35.9490;-9.8005;5400;5757;5896;6032;5349;4684;4341;4488;5014;5566;5759;5978;5938
34923;Alagoas;-35.8490;-9.8005;5582;5905;6050;6183;5470;4824;4530;4637;5257;5851;6024;6141;6113
35268;Alagoas;-37.6490;-9.7005;5467;5920;5873;6103;5515;4757;4397;4472;5004;5677;5782;6145;5957
35269;Alagoas;-37.5490;-9.7005;5483;5913;5897;6060;5542;4773;4462;4518;5092;5687;5795;6134;5928
35270;Alagoas;-37.4490;-9.7005;5450;5830;5869;5996;5543;4744;4484;4548;5097;5639;5718;6080;5857
35271;Alagoas;-37.3490;-9.7005;5342;5711;5708;5909;5398;4693;4351;4442;4903;5533;5616;6029;5817
35272;Alagoas;-37.2490;-9.7005;5309;5718;5647;5845;5374;4637;4315;4392;4871;5505;5592;5998;5815
35273;Alagoas;-37.1490;-9.7005;5309;5706;5593;5818;5358;4573;4311;4408;4962;5573;5588;5986;5834
35274;Alagoas;-37.0490;-9.7005;5268;5669;5544;5790;5282;4528;4308;4356;4880;5493;5568;6014;5784
35275;Alagoas;-36.9490;-9.7005;5281;5709;5577;5804;5286;4508;4270;4362;4852;5493;5612;6054;5848
35276;Alagoas;-36.8490;-9.7005;5332;5769;5681;5852;5336;4534;4282;4400;4893;5594;5676;6048;5914
35277;Alagoas;-36.7490;-9.7005;5359;5719;5638;5857;5409;4589;4328;4500;4946;5597;5729;6100;5904
35278;Alagoas;-36.6490;-9.7005;5318;5674;5610;5834;5371;4578;4306;4423;4897;5532;5650;6060;5878
35279;Alagoas;-36.5490;-9.7005;5289;5643;5613;5832;5294;4540;4274;4350;4896;5518;5618;6018;5868
35280;Alagoas;-36.4490;-9.7005;5268;5626;5648;5857;5293;4512;4260;4263;4797;5483;5610;5953;5913
35281;Alagoas;-36.3490;-9.7005;5232;5578;5622;5802;5262;4493;4233;4261;4777;5447;5561;5903;5843
35282;Alagoas;-36.2490;-9.7005;5207;5571;5619;5825;5182;4525;4192;4255;4743;5405;5529;5852;5780
35283;Alagoas;-36.1490;-9.7005;5236;5583;5651;5830;5239;4563;4229;4294;4785;5418;5584;5866;5790
35284;Alagoas;-36.0490;-9.7005;5282;5620;5716;5850;5271;4611;4262;4352;4825;5472;5645;5920;5846
35285;Alagoas;-35.9490;-9.7005;5404;5803;5900;6031;5358;4676;4340;4442;4975;5601;5780;6020;5928
35286;Alagoas;-35.8490;-9.7005;5455;5780;5896;6044;5395;4720;4419;4548;5147;5667;5855;6014;5972
35287;Alagoas;-35.7490;-9.7005;5530;5804;5954;6114;5472;4772;4505;4645;5276;5810;5888;6066;6058
35288;Alagoas;-35.6490;-9.7005;5668;5925;6059;6258;5592;4863;4613;4692;5410;6007;6103;6265;6232
35632;Alagoas;-37.8490;-9.6005;5514;5981;5993;6054;5573;4803;4388;4502;5094;5764;5844;6161;6006
35633;Alagoas;-37.7490;-9.6005;5470;5942;5859;5975;5534;4777;4405;4514;5080;5729;5812;6087;5926
35634;Alagoas;-37.6490;-9.6005;5437;5848;5831;5961;5443;4783;4439;4516;5052;5638;5727;6085;5926
35635;Alagoas;-37.5490;-9.6005;5447;5841;5852;6007;5484;4762;4440;4549;5065;5641;5730;6078;5922
35636;Alagoas;-37.4490;-9.6005;5411;5802;5781;5967;5459;4668;4396;4486;5017;5638;5746;6085;5888
35637;Alagoas;-37.3490;-9.6005;5404;5793;5775;5959;5483;4655;4347;4476;4974;5605;5771;6136;5869
35638;Alagoas;-37.2490;-9.6005;5358;5744;5689;5929;5430;4652;4309;4432;4911;5534;5705;6117;5842
35639;Alagoas;-37.1490;-9.6005;5314;5701;5640;5894;5328;4571;4298;4399;4879;5484;5668;6096;5807
35640;Alagoas;-37.0490;-9.6005;5315;5763;5620;5931;5354;4514;4260;4365;4856;5498;5679;6066;5870
35641;Alagoas;-36.9490;-9.6005;5298;5751;5599;5884;5365;4512;4262;4338;4831;5456;5653;6057;5871
35642;Alagoas;-36.8490;-9.6005;5327;5743;5613;5910;5387;4563;4254;4358;4886;5525;5697;6047;5944
35643;Alagoas;-36.7490;-9.6005;5385;5753;5652;5982;5444;4612;4313;4453;4965;5657;5762;6077;5952
35644;Alagoas;-36.6490;-9.6005;5337;5704;5626;5881;5391;4599;4303;4410;4901;5545;5679;6080;5920
35645;Alagoas;-36.5490;-9.6005;5333;5734;5709;5884;5332;4551;4232;4326;4879;5579;5714;6078;5982
35646;Alagoas;-36.4490;-9.6005;5241;5637;5643;5784;5317;4484;4146;4212;4772;5441;5579;5998;5886
35647;Alagoas;-36.3490;-9.6005;5228;5606;5608;5778;5283;4487;4145;4213;4753;5458;5588;5963;5857
35648;Alagoas;-36.2490;-9.6005;5143;5499;5512;5758;5177;4427;4080;4165;4644;5366;5470;5872;5743
35649;Alagoas;-36.1490;-9.6005;5161;5529;5563;5746;5200;4476;4162;4202;4691;5385;5437;5804;5731
35650;Alagoas;-36.0490;-9.6005;5290;5618;5739;5903;5340;4593;4268;4327;4837;5561;5610;5874;5812
35651;Alagoas;-35.9490;-9.6005;5308;5622;5716;5885;5302;4619;4322;4418;4943;5562;5617;5901;5794
35652;Alagoas;-35.8490;-9.6005;5360;5685;5812;5959;5291;4613;4350;4457;5002;5582;5729;5967;5876
35653;Alagoas;-35.7490;-9.6005;5353;5651;5806;5930;5243;4558;4359;4481;5023;5585;5748;5958;5893
35654;Alagoas;-35.6490;-9.6005;5538;5786;5978;6124;5438;4741;4522;4603;5286;5848;5968;6103;6052
36001;Alagoas;-38.0490;-9.5005;5535;5968;5996;6056;5579;4832;4397;4503;5106;5809;5942;6206;6024
36002;Alagoas;-37.9490;-9.5005;5547;6017;5997;6076;5595;4834;4437;4547;5133;5830;5916;6192;5989
36003;Alagoas;-37.8490;-9.5005;5482;5946;5884;5988;5536;4768;4411;4502;5085;5754;5814;6144;5956
36004;Alagoas;-37.7490;-9.5005;5427;5887;5759;5906;5488;4717;4396;4465;4988;5682;5764;6144;5926
36005;Alagoas;-37.6490;-9.5005;5443;5869;5838;5929;5499;4723;4400;4500;5013;5665;5789;6147;5943
36006;Alagoas;-37.5490;-9.5005;5444;5853;5858;5956;5493;4701;4387;4512;5023;5680;5797;6138;5934
36007;Alagoas;-37.4490;-9.5005;5420;5808;5806;5952;5459;4673;4341;4450;5011;5680;5807;6141;5914
36008;Alagoas;-37.3490;-9.5005;5431;5779;5769;5996;5512;4679;4341;4442;5018;5697;5831;6197;5911
36009;Alagoas;-37.2490;-9.5005;5410;5781;5744;6018;5477;4669;4318;4409;4959;5638;5805;6192;5916
36010;Alagoas;-37.1490;-9.5005;5378;5817;5728;5979;5400;4633;4286;4384;4887;5572;5787;6154;5907
36011;Alagoas;-37.0490;-9.5005;5376;5811;5681;5969;5446;4614;4263;4389;4916;5593;5771;6131;5925
36012;Alagoas;-36.9490;-9.5005;5356;5764;5637;5925;5395;4609;4279;4396;4896;5568;5746;6123;5935
36013;Alagoas;-36.8490;-9.5005;5349;5703;5646;5882;5394;4618;4272;4365;4908;5608;5733;6111;5945
36014;Alagoas;-36.7490;-9.5005;5397;5754;5680;5952;5427;4646;4286;4421;4978;5682;5794;6172;5974
36015;Alagoas;-36.6490;-9.5005;5359;5720;5669;5926;5398;4603;4272;4374;4934;5604;5735;6125;5949
36016;Alagoas;-36.5490;-9.5005;5318;5672;5675;5852;5357;4567;4212;4318;4882;5573;5686;6089;5924
36017;Alagoas;-36.4490;-9.5005;5279;5641;5650;5822;5308;4534;4149;4225;4813;5529;5683;6087;5902
36018;Alagoas;-36.3490;-9.5005;5213;5583;5598;5778;5238;4478;4085;4176;4761;5420;5599;6004;5837
36019;Alagoas;-36.2490;-9.5005;5140;5482;5548;5755;5207;4446;4049;4163;4640;5343;5490;5841;5713
36020;Alagoas;-36.1490;-9.5005;5152;5506;5545;5734;5259;4493;4157;4205;4688;5361;5421;5784;5672
36021;Alagoas;-36.0490;-9.5005;5212;5531;5601;5799;5300;4537;4243;4300;4802;5441;5476;5796;5723
36022;Alagoas;-35.9490;-9.5005;5230;5521;5630;5824;5241;4532;4250;4339;4859;5470;5538;5831;5728
36023;Alagoas;-35.8490;-9.5005;5242;5550;5673;5832;5224;4507;4282;4359;4867;5462;5553;5858;5735
36024;Alagoas;-35.7490;-9.5005;5275;5589;5749;5915;5230;4510;4273;4373;4885;5489;5618;5871;5800
36025;Alagoas;-35.6490;-9.5005;5365;5623;5816;5997;5310;4647;4348;4495;5051;5578;5717;5918;5877
36026;Alagoas;-35.5490;-9.5005;5552;5798;5945;6170;5463;4800;4524;4639;5264;5871;5947;6148;6051
36377;Alagoas;-38.2490;-9.4005;5537;5967;6038;6069;5602;4847;4392;4509;5074;5865;5946;6090;6040
36378;Alagoas;-38.1490;-9.4005;5555;5966;6006;6080;5638;4848;4431;4565;5160;5848;5946;6158;6015
36379;Alagoas;-38.0490;-9.4005;5540;5980;6000;6062;5629;4828;4413;4554;5146;5785;5896;6183;6005
36380;Alagoas;-37.9490;-9.4005;5461;5948;5868;5969;5479;4729;4341;4457;5012;5753;5849;6168;5964
36381;Alagoas;-37.8490;-9.4005;5442;5926;5789;5956;5475;4663;4358;4426;4982;5719;5837;6198;5973
36382;Alagoas;-37.7490;-9.4005;5481;5911;5802;5989;5558;4734;4418;4477;5024;5742;5864;6259;5997
36383;Alagoas;-37.6490;-9.4005;5466;5915;5860;5974;5563;4689;4383;4471;4983;5686;5822;6238;6003
36384;Alagoas;-37.5490;-9.4005;5473;5882;5881;5974;5540;4693;4364;4487;5029;5753;5893;6215;5961
36385;Alagoas;-37.4490;-9.4005;5428;5811;5838;5955;5446;4674;4311;4443;4997;5686;5866;6177;5926
36386;Alagoas;-37.3490;-9.4005;5459;5806;5781;6054;5546;4717;4326;4453;5023;5713;5880;6236;5976
36387;Alagoas;-37.2490;-9.4005;5456;5842;5800;6072;5510;4708;4333;4432;4991;5682;5901;6216;5985
36388;Alagoas;-37.1490;-9.4005;5409;5889;5752;6002;5433;4637;4266;4373;4899;5661;5852;6168;5972
36389;Alagoas;-37.0490;-9.4005;5409;5820;5730;5961;5439;4674;4282;4417;4974;5661;5830;6142;5976
36390;Alagoas;-36.9490;-9.4005;5376;5744;5689;5920;5381;4647;4268;4414;4935;5636;5782;6129;5965
36391;Alagoas;-36.8490;-9.4005;5344;5643;5657;5860;5373;4614;4223;4352;4873;5634;5789;6151;5953
36392;Alagoas;-36.7490;-9.4005;5443;5763;5753;5980;5465;4649;4293;4418;5045;5791;5890;6238;6024
36393;Alagoas;-36.6490;-9.4005;5378;5695;5685;5929;5418;4610;4243;4359;4975;5676;5812;6173;5963
36394;Alagoas;-36.5490;-9.4005;5242;5567;5577;5782;5304;4503;4104;4205;4766;5500;5643;6077;5882
36395;Alagoas;-36.4490;-9.4005;5241;5574;5616;5796;5266;4526;4089;4198;4738;5499;5627;6077;5884
36396;Alagoas;-36.3490;-9.4005;5227;5582;5652;5818;5269;4497;4065;4184;4729;5460;5599;6020;5852
36397;Alagoas;-36.2490;-9.4005;5188;5524;5631;5796;5287;4466;4066;4195;4689;5385;5534;5906;5778
36398;Alagoas;-36.1490;-9.4005;5107;5433;5489;5686;5262;4472;4084;4153;4620;5295;5369;5775;5645
36399;Alagoas;-36.0490;-9.4005;5151;5446;5487;5741;5243;4482;4143;4204;4711;5394;5448;5819;5691
36400;Alagoas;-35.9490;-9.4005;5190;5468;5580;5821;5239;4506;4182;4263;4811;5426;5497;5818;5664
36401;Alagoas;-35.8490;-9.4005;5217;5529;5641;5846;5252;4517;4210;4295;4792;5449;5533;5837;5699
36402;Alagoas;-35.7490;-9.4005;5235;5537;5667;5858;5228;4520;4237;4336;4847;5474;5563;5806;5743
36403;Alagoas;-35.6490;-9.4005;5252;5522;5692;5888;5234;4554;4214;4391;4854;5442;5564;5882;5781
36404;Alagoas;-35.5490;-9.4005;5436;5726;5834;6116;5383;4722;4422;4511;5099;5619;5780;6049;5973
36405;Alagoas;-35.4490;-9.4005;5603;5863;5983;6255;5510;4864;4582;4631;5328;5916;5990;6174;6146
36755;Alagoas;-38.2490;-9.3005;5597;5936;6105;6119;5690;4946;4486;4675;5231;5892;5910;6161;6015
36756;Alagoas;-38.1490;-9.3005;5526;5917;5939;5982;5582;4834;4385;4591;5119;5841;5919;6226;5975
36757;Alagoas;-38.0490;-9.3005;5520;5953;5919;5989;5566;4827;4340;4526;5083;5846;5941;6252;5994
36758;Alagoas;-37.9490;-9.3005;5465;5913;5864;6002;5492;4741;4291;4375;5033;5783;5885;6233;5969
36759;Alagoas;-37.8490;-9.3005;5421;5896;5824;5982;5487;4675;4219;4310;4927;5706;5835;6209;5982
36760;Alagoas;-37.7490;-9.3005;5483;5966;5880;6035;5556;4742;4320;4412;4977;5719;5898;6292;6002
36761;Alagoas;-37.6490;-9.3005;5473;5943;5864;5991;5550;4646;4341;4448;4980;5690;5920;6280;6020
36762;Alagoas;-37.5490;-9.3005;5490;5973;5857;6015;5540;4639;4341;4477;5033;5749;5968;6266;6022
36763;Alagoas;-37.4490;-9.3005;5505;5960;5845;6022;5504;4720;4342;4521;5116;5831;5984;6249;5968
36764;Alagoas;-37.3490;-9.3005;5493;5871;5804;6064;5548;4745;4300;4545;5033;5821;5962;6267;5957
36765;Alagoas;-37.2490;-9.3005;5449;5821;5761;6013;5503;4687;4269;4476;4961;5822;5933;6208;5936
36766;Alagoas;-37.1490;-9.3005;5415;5817;5756;5989;5465;4656;4253;4388;4865;5741;5924;6164;5961
36767;Alagoas;-37.0490;-9.3005;5363;5783;5648;5897;5387;4631;4214;4395;4863;5634;5813;6144;5952
36768;Alagoas;-36.9490;-9.3005;5421;5779;5704;5921;5426;4672;4288;4444;4984;5749;5893;6183;6010
36769;Alagoas;-36.8490;-9.3005;5399;5729;5732;5924;5466;4664;4264;4377;4955;5696;5853;6141;5984
36770;Alagoas;-36.7490;-9.3005;5397;5696;5763;5870;5459;4618;4233;4404;4954;5724;5832;6222;5989
36771;Alagoas;-36.6490;-9.3005;5325;5709;5708;5865;5365;4487;4061;4206;4751;5603;5843;6266;6033
36772;Alagoas;-36.5490;-9.3005;5218;5627;5585;5819;5303;4440;3949;4079;4631;5485;5661;6096;5943
36773;Alagoas;-36.4490;-9.3005;5263;5614;5674;5839;5378;4523;4042;4180;4745;5499;5686;6095;5882
36774;Alagoas;-36.3490;-9.3005;5166;5558;5592;5753;5337;4438;3966;4063;4632;5339;5500;5983;5831
36775;Alagoas;-36.2490;-9.3005;5168;5544;5584;5751;5279;4469;4020;4092;4675;5357;5499;5939;5802
36776;Alagoas;-36.1490;-9.3005;5136;5470;5472;5746;5257;4438;4080;4116;4683;5345;5449;5845;5731
36777;Alagoas;-36.0490;-9.3005;5131;5473;5500;5765;5247;4403;4101;4108;4661;5353;5432;5807;5718
36778;Alagoas;-35.9490;-9.3005;5183;5481;5633;5831;5268;4457;4148;4180;4781;5414;5510;5810;5688
36779;Alagoas;-35.8490;-9.3005;5101;5398;5523;5751;5187;4400;4097;4159;4657;5276;5384;5759;5622
36780;Alagoas;-35.7490;-9.3005;5111;5390;5523;5733;5185;4410;4133;4207;4682;5320;5374;5753;5618
36781;Alagoas;-35.6490;-9.3005;5245;5527;5705;5887;5283;4535;4305;4319;4866;5453;5514;5808;5736
36782;Alagoas;-35.5490;-9.3005;5332;5639;5729;5997;5311;4631;4416;4408;5030;5530;5599;5870;5820
36783;Alagoas;-35.4490;-9.3005;5426;5735;5770;6091;5359;4731;4503;4505;5176;5634;5742;5960;5909
36784;Alagoas;-35.3490;-9.3005;5592;5898;5909;6241;5536;4822;4546;4672;5343;5878;5974;6177;6104
37134;Alagoas;-38.1490;-9.2005;5559;5949;5899;6034;5600;4879;4380;4580;5166;5937;6004;6269;6006
37135;Alagoas;-38.0490;-9.2005;5523;5911;5862;5996;5569;4827;4363;4538;5132;5875;5974;6235;5987
37136;Alagoas;-37.9490;-9.2005;5572;5962;5857;6099;5593;4822;4435;4557;5196;5905;6031;6348;6056
37137;Alagoas;-37.8490;-9.2005;5548;5964;5887;6090;5562;4803;4373;4519;5152;5871;6000;6318;6038
37138;Alagoas;-37.7490;-9.2005;5516;5999;5928;6064;5540;4730;4248;4400;5069;5823;6028;6320;6040
37139;Alagoas;-37.6490;-9.2005;5438;5876;5848;6083;5466;4660;4194;4296;4910;5706;5924;6270;6019
37140;Alagoas;-37.5490;-9.2005;5455;5880;5858;6061;5477;4677;4214;4344;4956;5732;5972;6280;6006
37141;Alagoas;-37.4490;-9.2005;5482;5931;5849;6041;5519;4703;4267;4435;5011;5790;5983;6288;5960
37142;Alagoas;-37.3490;-9.2005;5481;5868;5832;6028;5503;4690;4324;4516;5053;5812;5990;6172;5987
37143;Alagoas;-37.2490;-9.2005;5471;5881;5798;6041;5502;4693;4318;4490;4977;5795;5972;6187;5997
37144;Alagoas;-37.1490;-9.2005;5504;5884;5820;6080;5570;4745;4373;4535;5023;5804;5971;6224;6023
37145;Alagoas;-37.0490;-9.2005;5407;5742;5726;6004;5441;4619;4234;4397;4894;5718;5899;6239;5977
37151;Alagoas;-36.4490;-9.2005;5232;5630;5630;5804;5314;4463;4048;4116;4713;5471;5657;6057;5884
37152;Alagoas;-36.3490;-9.2005;5130;5545;5528;5736;5279;4402;3957;3993;4586;5306;5496;5933;5796
37153;Alagoas;-36.2490;-9.2005;5122;5518;5549;5700;5279;4429;3960;4041;4554;5326;5472;5860;5772
37154;Alagoas;-36.1490;-9.2005;5134;5470;5539;5706;5277;4468;4027;4107;4612;5360;5468;5843;5724
37155;Alagoas;-36.0490;-9.2005;5166;5454;5570;5730;5267;4489;4106;4160;4711;5450;5510;5832;5716
37156;Alagoas;-35.9490;-9.2005;5166;5535;5602;5742;5132;4426;4082;4145;4730;5396;5511;5944;5743
37157;Alagoas;-35.8490;-9.2005;5013;5352;5440;5649;5066;4330;4019;4024;4564;5198;5278;5683;5552
37158;Alagoas;-35.7490;-9.2005;5031;5315;5416;5670;5106;4391;4104;4109;4605;5257;5304;5631;5458
37159;Alagoas;-35.6490;-9.2005;5179;5503;5583;5813;5177;4526;4232;4259;4805;5404;5451;5740;5656
37160;Alagoas;-35.5490;-9.2005;5220;5562;5589;5851;5174;4587;4280;4326;4875;5425;5484;5781;5708
37161;Alagoas;-35.4490;-9.2005;5283;5624;5634;5939;5189;4609;4302;4376;4942;5481;5611;5883;5806
37162;Alagoas;-35.3490;-9.2005;5417;5672;5790;6123;5322;4694;4474;4506;5185;5644;5781;5968;5851
37163;Alagoas;-35.2490;-9.2005;5609;5847;5942;6269;5536;4819;4610;4661;5348;5915;6092;6176;6094
37514;Alagoas;-37.9490;-9.1005;5533;5920;5883;6075;5536;4760;4310;4490;5108;5862;6065;6336;6046
37515;Alagoas;-37.8490;-9.1005;5569;5973;5902;6080;5579;4789;4348;4529;5171;5964;6102;6335;6056
37516;Alagoas;-37.7490;-9.1005;5609;6053;5946;6102;5634;4859;4369;4522;5250;6001;6125;6341;6110
37517;Alagoas;-37.6490;-9.1005;5520;5955;5883;6092;5589;4755;4264;4432;5002;5823;6036;6351;6061
37518;Alagoas;-37.5490;-9.1005;5504;5909;5884;6090;5576;4720;4249;4433;5023;5825;6020;6317;6006
37519;Alagoas;-37.4490;-9.1005;5507;5913;5898;6156;5556;4721;4273;4446;5037;5792;6026;6281;5993
37520;Alagoas;-37.3490;-9.1005;5524;5897;5914;6094;5566;4706;4316;4533;5106;5816;6042;6270;6031
37521;Alagoas;-37.2490;-9.1005;5499;5886;5881;6074;5545;4725;4280;4516;5021;5754;6019;6261;6022
37531;Alagoas;-36.2490;-9.1005;5152;5536;5604;5762;5314;4478;3963;4076;4584;5348;5495;5906;5759
37532;Alagoas;-36.1490;-9.1005;5127;5487;5549;5685;5273;4478;3995;4074;4625;5355;5468;5853;5683
37533;Alagoas;-36.0490;-9.1005;5124;5452;5506;5625;5220;4491;4036;4129;4674;5432;5461;5817;5643
37534;Alagoas;-35.9490;-9.1005;5165;5551;5685;5744;5165;4416;3986;4105;4671;5440;5536;5923;5761
37535;Alagoas;-35.8490;-9.1005;5020;5348;5477;5653;5097;4340;4016;4032;4596;5207;5288;5651;5537
37536;Alagoas;-35.7490;-9.1005;4984;5234;5376;5639;5090;4345;4057;4049;4584;5193;5212;5594;5434
37537;Alagoas;-35.6490;-9.1005;5124;5430;5494;5708;5126;4506;4223;4223;4761;5363;5408;5682;5569
37538;Alagoas;-35.5490;-9.1005;5165;5475;5498;5765;5131;4538;4227;4286;4842;5383;5418;5773;5641
37539;Alagoas;-35.4490;-9.1005;5223;5534;5602;5873;5151;4557;4259;4314;4876;5422;5525;5830;5735
37540;Alagoas;-35.3490;-9.1005;5351;5616;5730;6052;5241;4646;4412;4423;5088;5536;5700;5929;5835
37541;Alagoas;-35.2490;-9.1005;5523;5772;5851;6211;5425;4771;4546;4592;5289;5784;5985;6057;5988
37893;Alagoas;-37.9490;-9.0005;5574;5979;5906;6022;5566;4817;4319;4532;5199;5970;6116;6372;6092
37894;Alagoas;-37.8490;-9.0005;5527;5986;5866;6029;5567;4733;4245;4409;5071;5892;6069;6357;6093
37895;Alagoas;-37.7490;-9.0005;5554;6043;5859;6084;5612;4796;4294;4458;5108;5900;6100;6333;6059
37896;Alagoas;-37.6490;-9.0005;5567;6016;5921;6071;5656;4788;4273;4456;5115;5945;6115;6372;6078
37897;Alagoas;-37.5490;-9.0005;5541;5990;5928;6091;5626;4741;4253;4398;5056;5888;6093;6366;6065
37898;Alagoas;-37.4490;-9.0005;5543;5980;5954;6187;5638;4715;4265;4397;5036;5850;6099;6327;6065
37899;Alagoas;-37.3490;-9.0005;5564;5954;5954;6158;5626;4718;4245;4499;5100;5907;6141;6388;6081
37911;Alagoas;-36.1490;-9.0005;5117;5494;5520;5686;5265;4479;3988;4069;4646;5322;5425;5821;5688
37912;Alagoas;-36.0490;-9.0005;5074;5408;5463;5637;5197;4425;3994;4045;4627;5320;5375;5781;5625
37913;Alagoas;-35.9490;-9.0005;5144;5534;5631;5763;5227;4379;3949;4042;4645;5409;5523;5885;5735
37914;Alagoas;-35.8490;-9.0005;5057;5371;5524;5667;5135;4377;4017;4058;4635;5278;5355;5671;5594
37915;Alagoas;-35.7490;-9.0005;4993;5265;5393;5594;5060;4345;4022;4047;4606;5214;5283;5604;5477
37916;Alagoas;-35.6490;-9.0005;5050;5330;5409;5595;5090;4455;4179;4167;4693;5263;5325;5634;5459
37917;Alagoas;-35.5490;-9.0005;5153;5436;5481;5725;5163;4516;4239;4257;4798;5412;5495;5721;5598
37918;Alagoas;-35.4490;-9.0005;5187;5460;5515;5841;5185;4547;4282;4303;4850;5407;5477;5729;5649
37919;Alagoas;-35.3490;-9.0005;5296;5596;5677;5999;5232;4608;4360;4366;4997;5462;5613;5878;5768
37920;Alagoas;-35.2490;-9.0005;5356;5628;5751;6052;5292;4688;4433;4458;5113;5522;5697;5843;5797
37921;Alagoas;-35.1490;-9.0005;5520;5757;5907;6155;5434;4781;4550;4555;5256;5778;5977;6083;6009
38274;Alagoas;-37.8490;-8.9005;5612;6058;5904;6129;5687;4834;4343;4533;5197;6012;6172;6343;6135
38275;Alagoas;-37.7490;-8.9005;5600;6041;5857;6131;5664;4803;4358;4519;5183;6026;6176;6371;6070
38276;Alagoas;-37.6490;-8.9005;5622;6044;5946;6108;5700;4864;4373;4575;5251;5997;6172;6361;6075
38291;Alagoas;-36.1490;-8.9005;5149;5496;5510;5692;5265;4492;4048;4095;4702;5395;5521;5857;5718
38292;Alagoas;-36.0490;-8.9005;5069;5407;5461;5627;5168;4400;3981;3998;4592;5285;5466;5774;5671
38293;Alagoas;-35.9490;-8.9005;5080;5461;5506;5661;5190;4363;3968;4030;4620;5308;5435;5757;5657
38294;Alagoas;-35.8490;-8.9005;5046;5366;5472;5626;5121;4396;4008;4071;4615;5269;5365;5663;5575
38295;Alagoas;-35.7490;-8.9005;5008;5285;5435;5602;5088;4397;4022;4068;4602;5221;5297;5585;5497
38296;Alagoas;-35.6490;-8.9005;5084;5359;5464;5641;5159;4458;4173;4173;4733;5320;5393;5647;5483
38297;Alagoas;-35.5490;-8.9005;5148;5408;5486;5735;5183;4513;4240;4246;4800;5406;5478;5701;5576
38298;Alagoas;-35.4490;-8.9005;5184;5422;5486;5808;5196;4522;4301;4286;4850;5463;5524;5726;5626
38299;Alagoas;-35.3490;-8.9005;5247;5506;5603;5897;5199;4569;4339;4348;4952;5453;5600;5812;5687
38300;Alagoas;-35.2490;-8.9005;5286;5507;5680;5973;5227;4608;4379;4400;5026;5474;5636;5789;5735
38301;Alagoas;-35.1490;-8.9005;5400;5619;5788;6045;5296;4701;4477;4495;5140;5670;5829;5885;5852
38656;Alagoas;-37.7490;-8.8005;5604;5986;5898;6204;5734;4777;4335;4482;5156;6000;6193;6386;6093
38676;Alagoas;-35.7490;-8.8005;5079;5323;5478;5650;5167;4484;4078;4139;4673;5304;5382;5697;5568
38678;Alagoas;-35.5490;-8.8005;5154;5379;5474;5738;5182;4495;4223;4223;4811;5451;5505;5763;5600
38679;Alagoas;-35.4490;-8.8005;5183;5393;5513;5756;5188;4501;4270;4263;4847;5491;5534;5813;5625
